source_text,target_text,relation_type,doc_id
raccoons,109,tested,59826
raccoons,36%,have,59826
pomona,Leptospira,is a serovar of,59826
canicola,Leptospira,is a serovar of,59826
grippotyphosa,Leptospira,is a serovar of,59826
Connecticut,northeastern United States,is located in,59826
skunks,peridomestic wildlife,are part of,59826
opossums,peridomestic wildlife,are part of,59826
gray squirrels,peridomestic wildlife,are part of,59826
rabies virus,rabies virus,no_relationship,58605
Herpesvirus,Herpesvirus,no_relationship,59830
island fox,Urocyon littoralis,is,59699
serologic survey,island fox,conducted on,59699
serologic survey,canine adenovirus,tested for,59699
serologic survey,canine parvovirus,tested for,59699
serologic survey,canine herpesvirus,tested for,59699
serologic survey,canine coronavirus,tested for,59699
serologic survey,leptospirosis,tested for,59699
serologic survey,toxoplasmosis,tested for,59699
serologic survey,canine distemper virus,tested for,59699
Channel Islands,California,located in,59699
California,USA,part of,59699
canine adenovirus,97%,antibody prevalence,59699
canine parvovirus,59%,antibody prevalence,59699
194,island fox,sample size of,59699
pestivirus,Pyrenean Chamois,infects,59904
Pyrenean Chamois,pestivirus,hosts,59904
study,Spain,was in,59904
study,northeastern Spain,was in,59904
study,2001-02,was during,59904
pestivirus,16 of 17 chamois,identified in,59904
study,noncoding regions,analyzed,59904
pestivirus,border disease virus cluster,assigned to,59904
pestivirus,82.1% to 88.1%,has similarity values,59904
pestivirus,disease,causes,59904
study,pestivirus,investigates association between,59904
study,disease,investigates association between,59904
border disease virus,southern chamois,infects,59578
southern chamois,border disease virus,hosts,59578
southern chamois,Rupicapra pyrenaica,common name of,59578
Rupicapra pyrenaica,southern chamois,latin name of,59578
central Pyrenees,NE Spain,located in,59578
2001 and 2002,central Pyrenees,time of,59578
20,southern chamois,number of,59578
depression,southern chamois,symptom of,59578
weakness,southern chamois,symptom of,59578
movement difficulties,southern chamois,symptom of,59578
Necropsy examination,California sea lion,was conducted on,59831
Necropsy examination,northern elephant seal,was conducted on,59831
Histopathology,Pyelonephritis,revealed,59831
Histopathology,Hydronephrosis,revealed,59831
Urate nephrolithiasis,California sea lion,affected,59831
Urate nephrolithiasis,northern elephant seal,affected,59831
Uric acid,Urate nephrolithiasis,was a component of,59831
Ammonium urate,Urate nephrolithiasis,was a component of,59831
1-10 mm,California sea lion,was the size of kidney stones in,59831
1-15 mm,northern elephant seal,was the size of kidney stones in,59831
Renal pelvic dilation,Kidneys,was observed in,59831
white-tailed deer,Ehrlichia spp.,infected with,59842
white-tailed deer,Ehrlichia chaffeensis,infected with,59842
white-tailed deer,human granulocytic ehrlichiosis (HGE) agent,infected with,59842
white-tailed deer,Ehrlichia-like organism,infected with,59842
deer population,coastal Georgia,in,59842
coinfection,deer population,found in,59842
Ehrlichia spp.,inguinal lymph node,isolated from,59842
neutrophil,Ehrlichia-type morula,showed,59842
geometric mean titer = 111,Ehrlichia chaffeensis,for,59842
"geometric mean titer = 1,024",human granulocytic ehrlichiosis (HGE) agent,for,59842
Tanzania,1987,is where the study was conducted,59912
Tanzania,1989,is where the study was conducted,59912
535 sera,eight species of wildlife,were collected from,59912
eight species of wildlife,buffalo,include,59912
eight species of wildlife,wildebeest,include,59912
eight species of wildlife,topi,include,59912
eight species of wildlife,zebra,include,59912
eight species of wildlife,wart hog,include,59912
535 sera,foot-and-mouth disease,were tested for,59912
535 sera,bovine herpes virus types 1 and 2,were tested for,59912
535 sera,lumpy skin disease,were tested for,59912
535 sera,bovine viral diarrhoea,were tested for,59912
535 sera,Akabane,were tested for,59912
535 sera,bovine ephemeral fever,were tested for,59912
535 sera,bluetongue,were tested for,59912
535 sera,enzootic bovine leucosis,were tested for,59912
535 sera,African horse sickness,were tested for,59912
535 sera,African swine fever viruses,were tested for,59912
535 sera,Brucella abortus,were tested for,59912
Coagulase-positive Staphylococcus aureus,Ursus americanus,infects,59921
Ursus americanus,Coagulase-positive Staphylococcus aureus,hosts,59921
Ursus americanus,Labrador,located in,59921
Ursus americanus,Fall 1991,died in,59921
Coagulase-positive Staphylococcus aureus,Valvular endocarditis,causes,59921
Valvular endocarditis,Bacterial valvular endocarditis,type of,59921
Infection,Organs,spread to,59921
Ursus americanus,Black bear,identified as,59921
Ursus americanus,Radio-collared,characterized by,59921
parainfluenza 3 virus,bison,studied in,58455
Delta Junction,Alaska,located in,58455
Alaska,USA,located in,58455
bison,100,number tested,58455
bison,serum antibody prevalence,serum antibody prevalence measured,58455
parainfluenza 3 virus,productivity,affected,58455
Rocky Mountain cougars,Rocky Mountain cougars,no_relationship,59903
Hawaiian monk seal,phocine herpesvirus-1,had antibodies against,59836
Hawaiian monk seal,Leptospira bratislava,had antibodies against,59836
Hawaiian monk seal,Leptospira hardjo,had antibodies against,59836
Hawaiian monk seal,Leptospira icterohaemorrhagiae,had antibodies against,59836
Hawaiian monk seal,Leptospira pomona,had antibodies against,59836
Hawaiian monk seal,Brucella spp.,had antibodies against,59836
Hawaiian monk seal,B. canis,had antibodies against,59836
Hawaiian monk seal,Chlamydophila abortus,had antibodies against,59836
Hawaiian monk seal,Toxoplasma gondii,had antibodies against,59836
Hawaiian monk seal,Dirofilaria immitis,had antibodies against,59836
Hawaiian monk seal,morbilliviruses,had antibodies against,59836
serum samples,Hawaiian monk seal,were collected from,59836
white-tailed deer,Odocoileus virginianus,is known as,59858
polymerase reaction,DGA,uses,59858
polymerase reaction,DCH,uses,59858
polymerase reaction,GA1UR,uses,59858
Ehrlichia sp.-like organism,DGA,detected using,59858
Ehrlichia sp.-like organism,DCH,detected using,59858
Ehrlichia chaffeensis,GE9f,detected using,59858
human granulocytic ehrlichiosis (HGE) agent,DGA,detected using,59858
control samples,polymerase reaction,used in,59858
Anthrax,Hippopotamus amphibius,infects,56169
Hippopotamus amphibius,Anthrax,hosts,56169
Anthrax,mortality,causes,56169
mortality,4000 deaths,measured as,56169
Anthrax,June and November 1987,occurred in,56169
Anthrax,August and September 1988,occurred in,56169
Anthrax,Syncerus caffer,infects,56169
Syncerus caffer,Anthrax,hosts,56169
Anthrax,Loxodonta africana,infects,56169
Loxodonta africana,Anthrax,hosts,56169
field study,August 1989,conducted in,56169
field study,environmental contamination,assesses,56169
field study,risks to people,assesses,56169
field study,local laboratory staff,equips,56169
field study,continued monitoring,monitors,56169
field study,enzootic status,confirms,56169
Bacillus anthracis,environmental contamination,causes,56169
Anthrax,environmental contamination,causes,56169
Borrelia burgdorferi,Lyme borreliosis,causes,59837
black-tailed jackrabbit,antibodies,has,59837
antibodies,indirect immunofluorescence,detected by,59837
black-tailed jackrabbit,spirochetemia,has,59837
spirochetemia,direct immunofluorescence,detected by,59837
Dermacentor occidentalis,black-tailed jackrabbit,found in,59837
D. parumapertus,black-tailed jackrabbit,found in,59837
Ixodes neotomae,black-tailed jackrabbit,found in,59837
I. pacificus,black-tailed jackrabbit,found in,59837
Haemaphysalis leporispalustris,black-tailed jackrabbit,found in,59837
Ixodes neotomae,Spirochetes,contains,59837
Haemaphysalis leporispalustris,Spirochetes,contains,59837
Borrelia burgdorferi,Ixodes neotomae,recovered from,59837
Haemaphysalis leporispalustris,Spirochetes,transmits,59837
black-tailed jackrabbit,Lyme borreliosis,potential sentinel for,59837
Columbian black-tailed deer,spirochetemia,has,59837
spirochetemia,Borrelia-specific monoclonal antibody (H9724),detected by,59837
Borrelia burgdorferi,Borrelia burgdorferi-specific monoclonal antibody (H5332),not detected by,59837
ticks,Columbian black-tailed deer,bite,59837
social organization,probability of TB incidence,influence,59823
movement,probability of TB incidence,influence,59823
demographic processes,probability of TB incidence,influence,59823
south-west England,high-density badger population,location of,59823
Meles meles,badger,latin name of,59823
culling,bovine tuberculosis,used to control,59823
British cattle,bovine tuberculosis,affected by,59823
culture of clinical samples,excretion of bacilli,detects,59823
incident case,probability of TB incidence,related to,59823
group size reduction,incident case,influence,59823
individual movement,incident case,influence,59823
group-level movement,incident case,influence,59823
group size reduction,disease dynamics,influence,59823
proportion of females,incident case,influence,59823
proportion of females,males,influence,59823
social structure,disease dynamics,influence,59823
culling,social structure,influence,59823
culling,disease dynamics,influence,59823
Mycobacterium bovis,Meles meles,infects,59823
Meles meles,Mycobacterium bovis,hosts,59823
Mycobacterium bovis,Bos taurus,infects,59823
Bos taurus,Mycobacterium bovis,hosts,59823
Clostridium perfringens,polar bears,infects,57733
polar bears,Clostridium perfringens,hosts,57733
Clostridium perfringens,"Svalbard, Norway",found in,57733
occurrence,2001,in,57733
fecal samples,polar bears,collected from,57733
prevalence,44%,measured as,57733
30 strains,occurrence,part of,57733
30 strains,gastrointestinal tract,found in,57733
beta2-toxin gene,Clostridium perfringens,detected in,57733
gastrointestinal tract,polar bears,part of,57733
Amblyomma americanum,white-tailed deer,infects,59859
white-tailed deer,Ehrlichia chaffeensis,hosts,59859
Ehrlichia chaffeensis,human ehrlichiosis,causes,59859
serum samples,fluorescent antibody analysis,tested by,59859
white-tailed deer,Odocoileus virginianus,common name of,59859
Odocoileus virginianus,white-tailed deer,latin name of,59859
Amblyomma americanum,lone star tick,common name of,59859
lone star tick,Amblyomma americanum,latin name of,59859
125,41.7%,measurement of,59859
121,80.7%,measurement of,59859
4,6.7%,measurement of,59859
serum samples,southeastern United States,collected from,59859
serum samples,1982 through 1992,collected during,59859
Ehrlichia chaffeensis,serum samples,detected in,59859
fluorescent antibody analysis,Ehrlichia chaffeensis,detected,59859
Staphylococcus aureus,Necrotizing wound,causes,56156
Human-associated Staphylococcus aureus,Infection,causes,56156
International Centre for Medical Research of Franceville,Staphylococcus aureus,isolated,56156
Primate facility,Staphylococcus aureus,isolated,56156
Great apes,Human-associated Staphylococcus aureus,infected by,56156
Western lowland gorilla,Human-associated Staphylococcus aureus,infected by,56156
Chimpanzee,Human-associated Staphylococcus aureus,infected by,56156
Pan troglodytes,Human-associated Staphylococcus aureus,infected by,56156
Leptospira licerasiae serovar Varillal,Rattus norvegicus,isolated from,56805
Leptospira licerasiae serovar Varillal,human leptospirosis,associated with,56805
Leptospira licerasiae serovar Varillal,microscopic agglutination test (MAT),identified using,56805
Leptospira licerasiae serovar Varillal,16S ribosomal RNA gene sequencing,identified using,56805
Mycoplasma alligatoris sp. nov.,American alligators,infects,57753
Mycoplasma alligatoris sp. nov.,Alligator mississippiensis,infects,57753
Mycoplasma alligatoris,American alligators,infects,57753
Mycoplasma alligatoris,Alligator mississippiensis,infects,57753
Mycoplasma alligatoris sp. nov.,multiple tissues,found in,57753
Mycoplasma alligatoris,multiple tissues,found in,57753
Mycoplasma alligatoris sp. nov.,Mycoplasma alligatoris,is,57753
A21JP2T,ATCC 700619T,is,57753
American alligators,Mycoplasma alligatoris sp. nov.,hosts,57753
Alligator mississippiensis,Mycoplasma alligatoris sp. nov.,hosts,57753
544,white-tailed deer,tested,59860
indirect fluorescent antibody test,antibodies,detects,59860
antibody prevalence,43%,was,59860
southeastern United States,Alabama,includes,59860
natural history,milder climatic conditions,is influenced by,59860
antibody prevalence,Ehrlichia spp.,of,59860
Brucella sp.,marine mammals,infects,59886
marine mammals,Brucella sp.,hosts,59886
Brucella sp.,pinnipeds,infects,59886
pinnipeds,Brucella sp.,hosts,59886
Brucella sp.,cetaceans,infects,59886
cetaceans,Brucella sp.,hosts,59886
Brucella sp.,harbor seals,infects,59886
harbor seals,Brucella sp.,hosts,59886
Brucella sp.,harp seals,infects,59886
harp seals,Brucella sp.,hosts,59886
brucellosis card test,Brucella sp.,detects,59886
buffered acidified plate antigen test,Brucella sp.,detects,59886
rivanol test,Brucella sp.,detects,59886
serum samples,brucellosis card test,tested using,59886
serum samples,buffered acidified plate antigen test,tested using,59886
serum samples,rivanol test,tested using,59886
Brucella sp.,lung,isolated from,59886
Brucella sp.,axillary lymph nodes,isolated from,59886
Brucella sp.,inguinal lymph nodes,isolated from,59886
Brucella sp.,prescapular lymph nodes,isolated from,59886
southern New England,Brucella sp.,study conducted in,59886
Connecticut,Brucella sp.,study conducted in,59886
Rhode Island,Brucella sp.,study conducted in,59886
119,serum samples,number of,59886
21,harbor seals,number of,59886
53,harp seals,number of,59886
14%,harbor seals,percentage of,59886
8%,harp seals,percentage of,59886
50%,harbor seals,percentage of,59886
33%,harp seals,percentage of,59886
Mycobacterium avium subsp. paratuberculosis,Brown bears,infects,57730
Brown bears,Mycobacterium avium subsp. paratuberculosis,hosts,57730
National Park Low Tatras,Slovakia,located in,57730
Tissue samples,Microscopy,examined by,57730
Tissue samples,Culture,examined by,57730
Acid-fast rods,Ziehl-Neelsen staining,detected by,57730
Kidney,Acid-fast rods,detected in,57730
Mycobacterium avium subsp. paratuberculosis,Intestinal mucosa,isolated from,57730
Mycobacterium avium subsp. paratuberculosis,Polymerase chain reaction,identified by,57730
Polymerase chain reaction,IS900,used for,57730
Mycobacterium avium subsp. paratuberculosis,RFLP analysis,classified by,57730
RFLP analysis,RFLP type B-C1,identified,57730
RFLP type B-C1,Cattle,detected in,57730
Mycobacterium avium subsp. paratuberculosis,Paratuberculosis,causes,57730
Brown bears,Mycobacterium avium subsp. paratuberculosis,infected by,57730
Salmonella enterica,Salmonella,subtype of,59832
San Miguel Island,Channel Islands,located in,59832
San Nicolas Island,Channel Islands,located in,59832
Puget Sound,Channel Islands,location of study,59832
Channel Islands,Puget Sound,has higher prevalence of,59832
Papio anubis,Papio anubis,no_relationship,60194
long-tailed macaques,long-tailed macaques,no_relationship,60248
Controrchis biliophilus,80%,prevalence of,60137
Trypanoxyuris minutus,40%,prevalence of,60137
Giardia sp.,27%,prevalence of,60137
Entamoeba sp.,8%,prevalence of,60137
Giardia sp.,Assemblages A and B,classified into,60137
Giardia duodenalis,Giardia sp.,species of,60137
Giardia duodenalis,people,infects,60137
Giardia duodenalis,domestic animals,infects,60137
Controrchis sp.,Alouatta palliata,infects,60134
Controrchis sp.,Ateles geoffroyi,infects,60134
Trypanoxyuris sp.,Alouatta palliata,infects,60134
Trypanoxyuris sp.,Ateles geoffroyi,infects,60134
Strongyloides sp.,Alouatta palliata,infects,60134
Strongyloides sp.,Ateles geoffroyi,infects,60134
Alouatta palliata,Controrchis sp.,hosts,60134
Alouatta palliata,Trypanoxyuris sp.,hosts,60134
Alouatta palliata,Strongyloides sp.,hosts,60134
Ateles geoffroyi,Controrchis sp.,hosts,60134
Ateles geoffroyi,Trypanoxyuris sp.,hosts,60134
Ateles geoffroyi,Strongyloides sp.,hosts,60134
prevalence,reproductive status,associated with,60134
prevalence,social status,associated with,60134
prevalence,age,associated with,60134
prevalence,sex,associated with,60134
prevalence,host population density,associated with,60134
prevalence,humidity,associated with,60134
species richness,reproductive status,associated with,60134
species richness,social status,associated with,60134
species richness,age,associated with,60134
species richness,sex,associated with,60134
species richness,host population density,associated with,60134
species richness,humidity,associated with,60134
Alouatta palliata,Controrchis sp.,has higher prevalence of,60134
Alouatta palliata,Trypanoxyuris sp.,has higher prevalence of,60134
lactating females,Controrchis sp.,have higher prevalence of,60134
protected areas,conservation strategies,part of,60134
parasite richness,age,is influenced by,60321
age,parasite richness,influences,60321
parasite richness,sex,is influenced by,60321
sex,parasite richness,influences,60321
parasite richness,body condition,is influenced by,60321
body condition,parasite richness,influences,60321
parasite richness,day range,is influenced by,60321
day range,parasite richness,influences,60321
parasite richness,temperature,is influenced by,60321
temperature,parasite richness,influences,60321
fecal samples,chacma baboons,were collected from,60321
chacma baboons,fecal samples,provided,60321
mixed models,parasite richness,were used to analyze,60321
parasite richness,mixed models,was analyzed using,60321
dry seasons,fecal samples,were the time frame for,60321
fecal samples,dry seasons,were collected during,60321
desert population,fecal samples,was the location for,60321
fecal samples,desert population,were collected in,60321
"Phocascaris cystophorae Berland, 1964",hooded seal Cystophora cristata,infects,59994
hooded seal Cystophora cristata,"Phocascaris cystophorae Berland, 1964",hosts,59994
Scanning electron microscopy,surface morphological characteristics,detected by,59994
excretory pore,"Phocascaris cystophorae Berland, 1964",surface morphological characteristic of,59994
interlabia knobs,"Phocascaris cystophorae Berland, 1964",surface morphological characteristic of,59994
lips and adjacent structures,"Phocascaris cystophorae Berland, 1964",surface morphological characteristic of,59994
caudal papillae and papilla-like structures,"Phocascaris cystophorae Berland, 1964",surface morphological characteristic of,59994
"Phocascaris cystophorae Berland, 1964",stomach,found in,59994
"Phocascaris cystophorae Berland, 1964",Contracaecum osculatum (sensu lato),compared with,59994
survey,western Arkansas,conducted in,60365
survey,ecology of the species,examined,60365
survey,29,collected,60365
survey,feces,collected,60365
survey,4.1,found average,60365
survey,+/-2.1,found standard deviation,60365
endoparasite community,nematodes,included,60365
endoparasite community,protozoa,included,60365
protozoa,13,had prevalence,60365
nematodes,9,had prevalence,60365
eastern spotted skunk,Spilogale putorius,is known as,60365
survey,March 2005,conducted from,60365
survey,January 2007,conducted to,60365
chamois,gastrointestinal helminths,infects,60360
chamois,lung helminths,infects,60360
gastrointestinal helminths,chamois,infects,60360
lung helminths,chamois,infects,60360
enzyme immunoassays (EIA),androgen,detects,60360
enzyme immunoassays (EIA),cortisol,detects,60360
enzyme immunoassays (EIA),oestrogen,detects,60360
hormone levels,one year,measured over,60360
parasite counts,one year,measured over,60360
male biased parasitism (MBP),gastrointestinal eggs,linked to,60360
male biased parasitism (MBP),lungworm larvae,linked to,60360
androgen,lungworm larvae,correlates with,60360
cortisol,lungworm larvae,correlates with,60360
gastrointestinal helminths,free-ranging Florida panthers,infects,60352
free-ranging Florida panthers,gastrointestinal helminths,hosts,60352
Puma concolor coryi,gastrointestinal helminths,hosts,60352
gastrointestinal helminths,Puma concolor coryi,infects,60352
free-ranging Florida panthers,southern Florida,found in,60352
Puma concolor coryi,six counties,found in,60352
free-ranging Florida panthers,1978,collected in,60352
free-ranging Florida panthers,2003,collected in,60352
gastrointestinal helminths,necropsy,examined by,60352
free-ranging Florida panthers,treated,divided into,60352
free-ranging Florida panthers,untreated,divided into,60352
untreated,nine species of helminths,had,60352
nine species of helminths,trematode,comprises,60352
nine species of helminths,six nematodes,comprises,60352
nine species of helminths,two cestodes,comprises,60352
Alaria marcianae,free-ranging Florida panthers,infects,60352
Spirometra mansonoides,free-ranging Florida panthers,infects,60352
Ancylostoma pluridentatum,free-ranging Florida panthers,infects,60352
Ancylostoma caninum,free-ranging Florida panthers,infects,60352
anthelmintics,free-ranging Florida panthers,treated,60352
treated,untreated,similar to,60352
anthelmintics,Alaria marcianae,reduces intensity of,60352
anthelmintics,Ancylostoma pluridentatum,reduces intensity of,60352
anthelmintics,Spirometra mansonoides,less effective on,60352
coyotes,coyotes,no_relationship,60155
Diphyllobothrium latum,Eurasian lynx,infects,60242
Eurasian lynx,Diphyllobothrium latum,hosts,60242
Diphyllobothrium latum,5%,prevalence of,60242
Taenia pisiformis,Eurasian lynx,infects,60242
Eurasian lynx,Taenia pisiformis,hosts,60242
Taenia pisiformis,100%,prevalence of,60242
Taenia laticollis,Eurasian lynx,infects,60242
Eurasian lynx,Taenia laticollis,hosts,60242
Taenia laticollis,41%,prevalence of,60242
Taenia hydatigena,Eurasian lynx,infects,60242
Eurasian lynx,Taenia hydatigena,hosts,60242
Taenia hydatigena,3%,prevalence of,60242
Aleutian Disease Virus,European mink,infects,60035
European mink,Aleutian Disease Virus,hosts,60035
Mustela lutreola,Aleutian Disease Virus,hosts,60035
Aleutian Disease Virus,Mustela lutreola,infects,60035
European mink,"Navarra, Spain",from,60035
Mustela lutreola,"Navarra, Spain",from,60035
February-March 2004,European mink,study conducted in,60035
February-March 2005,European mink,study conducted in,60035
September-December 2004,European mink,study conducted in,60035
84 European mink blood samples,"Navarra, Spain",tested in,60035
93 plasma samples,"Navarra, Spain",tested in,60035
9.6%,93 plasma samples,gamma globulin level in,60035
23 cadavers,"Navarra, Spain",examined in,60035
74%,23 cadavers,traumatic and hemorrhagic lesions in,60035
canine distemper virus,European mink,detected in,60035
pulmonary adiaspiromycosis,European mink,found in,60035
Elaeophorosis,Elaeophora elaphi,caused by,60186
Elaeophora elaphi,red deer,infects,60186
red deer,Elaeophora elaphi,hosts,60186
Elaeophorosis in red deer from Spain,Toledo Province,observed in,60186
Elaeophorosis in red deer from Spain,Spain,observed in,60186
Elaeophora elaphi,hepatic vessels,found in,60186
Elaeophora elaphi,151,detected in,60186
Elaeophorosis in red deer from Spain,October 1994 - September 1995,occurred during,60186
two to 18 nematodes per host,Elaeophorosis in red deer from Spain,measurement of,60186
Elaeophora elaphi,fallow deer,not found in,60186
microfilariae,blood samples,not detected in,60186
Negative,blood samples,result of,60186
Negative,microfilariae,result of,60186
Parafilaroides normani,Australian fur seal,infects,60142
Parafilaroides normani,New Zealand fur seal,infects,60142
Parafilaroides normani,sub-Antarctic fur seal,infects,60142
Australian fur seal,Parafilaroides normani,hosts,60142
New Zealand fur seal,Parafilaroides normani,hosts,60142
sub-Antarctic fur seal,Parafilaroides normani,hosts,60142
Parafilaroides normani,lungs,infects,60142
Parafilaroides normani,body size,has,60142
Parafilaroides normani,spicule shape and size,has,60142
Parafilaroides normani,vulva to anus length,has,60142
Parafilaroides normani,vaginal sphincter musculature,has,60142
Australian fur seal,Australia,found in,60142
New Zealand fur seal,New Zealand,found in,60142
sub-Antarctic fur seal,South Africa,found in,60142
Brugia beaveri,filaria,is,60342
Brugia beaveri,Procyon lotor,infects,60342
Procyon lotor,Brugia beaveri,hosts,60342
Brugia beaveri,domestic cat,infects,60342
domestic cat,Brugia beaveri,hosts,60342
Brugia beaveri,Meriones unguiculatus,infects,60342
Meriones unguiculatus,Brugia beaveri,hosts,60342
microfilariae,mosquitoes,develop in,60342
mosquitoes,Brugia beaveri,transmit,60342
Brugia beaveri,70-107 days,has prepatent period,60342
Brugia beaveri,internal organs,has,60342
microfilariae,peripheral blood,circulate in,60342
Taenia parva,Genetta genetta,infects,60214
Genetta genetta,Taenia parva,hosts,60214
Taenia parva,spermiogenesis,undergoes,60214
spermiogenesis,axoneme,characterized by,60214
axoneme,cytoplasmic extension,grows externally to,60214
cytoplasmic extension,free flagellum,fuses with,60214
free flagellum,cytoplasmic extension,fuses with,60214
spermiogenesis,type III spermiogenesis,classified as,60214
type III spermiogenesis,Bâ and Marchand,proposed by,60214
Taenia parva,mitochondria,lacks,60214
spermatozoa,mitochondria,lack,60214
spermatozoa,periaxonemal sheath,have,60214
spermatozoa,transverse intracytoplasmic walls,have,60214
flagellar rotation,45 degrees,observed at,60214
Taenia parva,cyclophyllideans,compared with,60214
Taenia parva,family Taeniidae,belongs to,60214
chimpanzee,Pan troglodytes,common name of,60302
Pan troglodytes,chimpanzee,latin name of,60302
tapeworm,Bertiella studeri,common name of,60302
Bertiella studeri,tapeworm,latin name of,60302
Kibale National Park,Uganda,located in,60302
Bertiella studeri,seven-month period,present during,60302
leaf-swallowing,rate,occurred at,60302
leaf-swallowing,seven-month period,associated with,60302
dung,tapeworm,contains,60302
dung,leaf-swallowing,contains,60302
"1,595 gastropods",Vallonia,85% were,60295
980 gastropods,Vallonia,1% were,60295
Antelope Island,"Utah, USA",located in,60295
May-August 2001-02,Antelope Island,study period in,60295
421 fecal pellet groups,113 bighorn sheep groups,collected from,60295
Protostrongylus spp.,421 fecal pellet groups,found in,60295
Protostrongylus spp.,riparian,97% prevalence in,60295
Protostrongylus spp.,rock,90% prevalence in,60295
Protostrongylus spp.,desert shrub,1% prevalence in,60295
perennial water sources,dry years,used more in,60295
nursery groups,Protostrongylus spp.,had 98% prevalence of,60295
ram groups,Protostrongylus spp.,had 78% prevalence of,60295
Longistrongylus curvispiculum,sable,is found in,60119
Longistrongylus curvispiculum,addax,is found in,60119
Longistrongylus curvispiculum,biesa oryx,is found in,60119
Longistrongylus curvispiculum,females,has,60119
Longistrongylus curvispiculum,males,has,60119
Longistrongylus curvispiculum,spicules,has,60119
Longistrongylus curvispiculum,Nematoda: Trichostrongyloidea,belongs to,60119
Longistrongylus curvispiculum,Haemonchus contortus,is different from,60119
sable,ranches,is on,60119
addax,ranches,is on,60119
biesa oryx,ranches,is on,60119
ranches,central Texas,are in,60119
central Texas,Texas,is in,60119
Texas,USA,is in,60119
Mesocestoides,wild carnivores,infects,60157
Mesocestoides,San Miguel Island (SMI),found in,60157
Mesocestoides,Hopland Research and Extension Center (HREC),found in,60157
Mesocestoides,California,found in,60157
Mesocestoides,deer mice,infects,60157
Mesocestoides,peritoneal tetrathyridial infections,causes,60157
Mesocestoides,coyotes,infects,60157
Mesocestoides,Canis latrans,infects,60157
Mesocestoides,island fox,infects,60157
Mesocestoides,Urocyon littoralis,infects,60157
Mesocestoides,western fence lizards,infects,60157
Mesocestoides,laboratory mice,infects,60157
Mesocestoides,proglottids,has life cycle stage,60157
Mesocestoides,tetrathyridia,has life cycle stage,60157
Mesocestoides,acephalic metacestodes,has life cycle stage,60157
Schistosoma mansoni,tourists,infects,60195
tourists,Schistosoma mansoni,hosts,60195
Schistosoma mansoni,Park residents,infects,60195
Park residents,Schistosoma mansoni,hosts,60195
Schistosoma mansoni,Suri people,infects,60195
Suri people,Schistosoma mansoni,hosts,60195
Schistosoma mansoni,Papio anubis,infects,60195
Papio anubis,Schistosoma mansoni,hosts,60195
Schistosoma mansoni,Cercopithecus aethiops,infects,60195
Cercopithecus aethiops,Schistosoma mansoni,hosts,60195
trematode larvae,Biomphalaria pfeifferi,found in,60195
Biomphalaria pfeifferi,Mui River,found in,60195
eggs,stools,detected by,60195
adult worms,stools,detected by,60195
41%,Schistosoma mansoni,measurement of,60195
33%,Schistosoma mansoni,measurement of,60195
27%,trematode larvae,measurement of,60195
group size,parasite infections,is related to,60135
group size,body contact,is associated with,60135
group size,contaminated items,is associated with,60135
body contact,range use,is associated with,60135
contaminated items,range use,is associated with,60135
exposure,DTP load,is related to,60135
exposure,DTP prevalence,is related to,60135
group size,intensity of home range use,is negatively correlated with,60135
group size,range area size,is positively correlated with,60135
DTP load,group size,is positively correlated with,60135
intensity of home range use,DTP prevalence,is not related to,60135
intensity of home range use,DTP load,is not related to,60135
microclimate,DTP load,may be more important in the dynamics of,60135
contact rate,DTP load,may be more important in the dynamics of,60135
immune function,DTP load,may be more important in the dynamics of,60135
New Mexico,USA,is located in,60291
bighorn sheep,Ovis canadensis,is also known as,60291
Elaeophorosis,Elaeophora schneideri,is caused by,60291
microfilariae,Elaeophora schneideri,are associated with,60291
"crusty, scabby lesions",carotid arteries,are located in,60291
"crusty, scabby lesions",iliac arteries,are located in,60291
mortality,adult ram,is higher in,60291
mortality,yearling ewe,is lower in,60291
"Setaria thwaitei Mönnig, 1933",sable antelope,infects,60229
"Setaria thwaitei Mönnig, 1933",roan antelope,infects,60229
"Setaria thwaitei Mönnig, 1933",waterbuck,infects,60229
sable antelope,"Setaria thwaitei Mönnig, 1933",hosts,60229
roan antelope,"Setaria thwaitei Mönnig, 1933",hosts,60229
waterbuck,"Setaria thwaitei Mönnig, 1933",hosts,60229
"Setaria thwaitei Mönnig, 1933",study,material source of,60229
roan antelope,study,material source of,60229
sable antelope,study,material source of,60229
gemsbuck,study,material source of,60229
study,original description,compared with,60229
measurements,adult worms,of,60229
scanning electron microscopy,anterior regions,of,60229
scanning electron microscopy,posterior regions,of,60229
scanning electron microscopy,female worms,of,60229
"Setaria thwaitei Mönnig, 1933",Setaria hornbyi,synonym of,60229
Mönnig,study,material of,60229
1933,study,material of,60229
Spirometra erinacei,Conepatus chinga,infects,60201
Conepatus chinga,Spirometra erinacei,hosts,60201
Andean hog-nosed skunk,Conepatus chinga,scientific name,60201
Conepatus chinga,Andean hog-nosed skunk,common name,60201
Spirometra erinacei,Cestoda,classified in,60201
Spirometra erinacei,Diphyllobothridae,classified in,60201
Conepatus chinga,small intestine,found in,60201
Spirometra erinacei,small intestine,found in,60201
Conepatus chinga,Abra La Raya,collected from,60201
Abra La Raya,Cusco,located in,60201
Cusco,Peru,located in,60201
Four,Spirometra erinacei,number of,60201
First report,Conepatus chinga,documents,60201
First report,Spirometra erinacei,documents,60201
Eimeria species,Japanese serows,found in,60431
Fresh fecal samples,Japanese serows,collected from,60431
Sporulated oocysts,Fresh fecal samples,found in,60431
Polar granules (PGs),Oocysts,part of,60431
Stieda body (SB),Oocysts,part of,60431
Sporocyst residuum (SR),Oocysts,part of,60431
Micropyle (M),Oocysts,part of,60431
Oocyst residuum (OR),Oocysts,part of,60431
Length (L),Micrometers (microm),measured in,60431
Width (W),Micrometers (microm),measured in,60431
Length:Width (L/W) ratio,Micrometers (microm),measured in,60431
Hepatozoon species,Japanese Martens,infects,60486
Japanese Martens,Hepatozoon species,hosts,60486
Hepatozoon species,Martes melampus melampus,infects,60486
Martes melampus melampus,Hepatozoon species,hosts,60486
myocardium,granulomatous nodules,has,60486
granulomatous nodules,merozoites/gametocytes,contain,60486
granulomatous nodules,schizonts,contain,60486
merozoites/gametocytes,phagocytes,found in,60486
partial 18S rRNA gene,molecular methods,analyzed by,60486
Hepatozoon species,molecular methods,detected by,60486
Hepatozoon species,histological methods,detected by,60486
Hepatozoon species,pine marten,infects,60486
pine marten,Hepatozoon species,hosts,60486
Hepatozoon species,Martes martes,infects,60486
Martes martes,Hepatozoon species,hosts,60486
Hepatozoon species,Scotland,found in,60486
Tana River red colobus,parasites,has,60177
mangabey,parasites,has,60177
habitat loss,human activities,caused by,60177
fragmentation,human activities,caused by,60177
forest area,prevalence,affects,60177
forest area,richness,affects,60177
forest fragmentation,host density,affects,60177
"Entopolypoides macaci Mayer, 1934",Entopolypoides macaci,scientific name of,60522
Entopolypoides macaci,"Entopolypoides macaci Mayer, 1934",common name of,60522
African baboon,Papio cynocephalus L. 1766,common name of,60522
Papio cynocephalus L. 1766,African baboon,scientific name of,60522
Entopolypoides macaci,African baboon,infects,60522
African baboon,Entopolypoides macaci,hosts,60522
Entopolypoides macaci,Kenya,found in,60522
Entopolypoides macaci,Papio cynocephalus L. 1766,found in,60522
Entopolypoides macaci,Hepatocystis kochi,not found with,60522
Parasitemia,Splenectomy,affected by,60522
Splenectomy,Parasitemia,causes,60522
Splenectomy,Hemoglobin,affects,60522
Splenectomy,RBC counts,affects,60522
Entopolypoides macaci,Other primates,transferred to,60522
Study,Entopolypoides macaci,describes,60522
Study,Hepatocystis kochi,differentiates,60522
habitat,habitat,no_relationship,60306
western lowland gorillas,western lowland gorillas,no_relationship,60223
Boabeng-Fiema Monkey Sanctuary,Ghana,located in,60200
109,fecal samples,number of,60200
fecal floatation,protozoans,used to detect,60200
fluorescein labeled antibodies,protozoans,used to detect,60200
PCR techniques,protozoans,used to detect,60200
Entamoeba sp.,fecal samples,detected in,60200
Isospora sp.,fecal samples,detected in,60200
Giardia sp.,fecal samples,detected in,60200
G. duodenalis Assemblage B,fecal samples,detected in,60200
Blastocystis sp.,fecal samples,detected in,60200
subtype 2,fecal samples,detected in,60200
Ascaris sp.,fecal samples,detected in,60200
Enterobius sp.,fecal samples,detected in,60200
Trichuris sp.,fecal samples,detected in,60200
strongyle sp.,fecal samples,detected in,60200
digenean trematode,fecal samples,detected in,60200
protozoans,long wet season,higher prevalence in,60200
protozoans,long dry,lower prevalence in,60200
Boabeng-Fiema Monkey Sanctuary,human settlements,near,60200
Gombe,Tanzania,located in,60303
Mt. Assirik,Senegal,located in,60303
P. anubis,Gombe,found in,60303
P. papio,Mt. Assirik,found in,60303
Pan troglodytes,intestinal parasites,hosts,60303
Papio spp.,intestinal parasites,hosts,60303
intestinal parasites,Pan troglodytes,infects,60303
intestinal parasites,Papio spp.,infects,60303
nematoes,intestinal parasites,infects,60303
fecal specimens,intestinal parasites,detects,60303
Gombe,infection,location of,60303
Mt. Assirik,infection,location of,60303
chimpanzees,infection,have higher incidence of,60303
baboons,infection,have lower incidence of,60303
Pan troglodytes,Gombe,studied in,60303
Papio spp.,Mt. Assirik,studied in,60303
parasite loads,Pan troglodytes,measured in,60303
parasite loads,Papio spp.,measured in,60303
Tana River red colobus,gastrointestinal parasites,hosts,60178
Procolobus rufomitratus,gastrointestinal parasites,hosts,60178
crested mangabey,gastrointestinal parasites,hosts,60178
Cercocebus galeritus,gastrointestinal parasites,hosts,60178
gastrointestinal parasites,Tana River red colobus,infects,60178
gastrointestinal parasites,Procolobus rufomitratus,infects,60178
gastrointestinal parasites,crested mangabey,infects,60178
gastrointestinal parasites,Cercocebus galeritus,infects,60178
Tana River red colobus,Tana River,found in,60178
Procolobus rufomitratus,Tana River,found in,60178
crested mangabey,Tana River,found in,60178
Cercocebus galeritus,Tana River,found in,60178
Tana River red colobus,Kenya,found in,60178
Procolobus rufomitratus,Kenya,found in,60178
crested mangabey,Kenya,found in,60178
Cercocebus galeritus,Kenya,found in,60178
Tana River red colobus,forest,found in,60178
Procolobus rufomitratus,forest,found in,60178
crested mangabey,forest,found in,60178
Cercocebus galeritus,forest,found in,60178
fecal egg counts,prevalence of parasites,measures,60178
prevalence of parasites,fecal egg counts,quantified by,60178
crested mangabey,prevalence of parasites,has higher,60178
Tana River red colobus,prevalence of parasites,has lower,60178
Phagicola angrense,Procyon lotor,infects,60350
Procyon lotor,Phagicola angrense,hosts,60350
Procyon lotor,Parramore Island,lives in,60350
Procyon lotor,Virginia,lives in,60350
Procyon lotor,USA,lives in,60350
Procyon lotor,weak,has,60350
Procyon lotor,ataxic,has,60350
Procyon lotor,melenic soft feces,has,60350
Procyon lotor,emaciated,has,60350
Procyon lotor,pale,has,60350
Procyon lotor,ascites,has,60350
Phagicola angrense,stomach,found in,60350
Phagicola angrense,intestines,found in,60350
Phagicola angrense,small intestinal mucosa,found in,60350
Phagicola angrense,mesenteric vessels,found in,60350
small intestinal mucosa,necrosis,has,60350
lamina propria,acute hemorrhage,has,60350
lamina propria,plasma cells,has,60350
lamina propria,eosinophils,has,60350
epithelium,crypts,has,60350
T. b. gambiense group 1,Cercocebus torquatus,infects,60415
Cercocebus torquatus,T. b. gambiense group 1,hosts,60415
T. b. gambiense group 1,Cercopithecus nictitans,infects,60415
Cercopithecus nictitans,T. b. gambiense group 1,hosts,60415
T. b. gambiense group 1,Ungulates,infects,60415
Ungulates,T. b. gambiense group 1,hosts,60415
Simian malaria,Plasmodium brasilianum,is caused by,60412
Plasmodium brasilianum,non-human primates,infects,60412
Plasmodium brasilianum,Brazilian Amazon,is found in,60412
Plasmodium brasilianum,Balbina,is identified in,60412
Alouatta seniculus straminea,15.8%,has prevalence,60412
Chiropotes satanas chiropotes,9.9%,has prevalence,60412
Ateles paniscus paniscus,32.3%,has prevalence,60412
Saimiri ustus,50%,has prevalence,60412
Ateles paniscus chamek,21%,has prevalence,60412
Plasmodium brasilianum,zoonotic potential,has,60412
non-human primates,zoonotic potential,have,60412
Hepatozoon americanum,coyotes,infects,60423
coyotes,Hepatozoon americanum,hosts,60423
Hepatozoon americanum,Canis latrans,infects,60423
Canis latrans,Hepatozoon americanum,hosts,60423
Hepatozoon americanum,skeletal muscle,found in,60423
Hepatozoon americanum,cardiac muscle,found in,60423
Oklahoma,USA,located in,60423
Gulf Coast ticks,coyotes,infests,60423
coyotes,Gulf Coast ticks,hosts,60423
Gulf Coast ticks,Canis latrans,infests,60423
Canis latrans,Gulf Coast ticks,hosts,60423
prevalence,coyotes,measured in,60423
prevalence,Canis latrans,measured in,60423
epizootiology,hepatozoonosis,of,60423
hepatozoonosis,North America,studied in,60423
Leishmania (Viannia) shawi sp. n.,Cebus apella,was isolated from,60444
morphology,Leishmania (Viannia) shawi sp. n.,was used to characterize,60444
isoenzyme profiles,Leishmania (Viannia) shawi sp. n.,was used to characterize,60444
kDNA buoyant densities,Leishmania (Viannia) shawi sp. n.,was used to characterize,60444
monoclonal antibodies,Leishmania (Viannia) shawi sp. n.,was used to characterize,60444
Hepatozoon sp.,Martes melampus,infects,60487
Hepatozoon sp.,wild martens,infects,60487
Martes melampus,Hepatozoon sp.,hosts,60487
wild martens,Hepatozoon sp.,hosts,60487
Hepatozoon sp.,Hepatozoonosis,causes,60487
nodular lesions,heart,found in,60487
nodular lesions,perirenal adipose tissue,found in,60487
nodular lesions,diaphragm,found in,60487
nodular lesions,mesentery,found in,60487
nodular lesions,tongue,found in,60487
nodular lesions,omentum,found in,60487
nodular lesions,perisplenic adipose tissue,found in,60487
schizonts,Hepatozoon sp.,part of,60487
merozoite-gametocytes,Hepatozoon sp.,part of,60487
mature schizonts,membrane-bound merozoites,contains,60487
membrane-bound merozoites,single nucleus,have,60487
membrane-bound merozoites,small scattered electron-dense cytoplasmic granules,have,60487
merozoites,phagocytes,engulfed by,60487
gamonts,phagocytes,engulfed by,60487
phagocytes,phagosome-like vacuole,contain,60487
67,wild martens,number of,60487
96%,Hepatozoon sp.,prevalence of,60487
red foxes,southeastern United States,is in,60566
red foxes,1967 to 1995,is studied from,60566
red foxes,51,have,60566
Sarcoptic mange,Sarcoptes scabiei,is caused by,60566
Otodectic mange,Otodectes cynotis,is caused by,60566
Suspected canine distemper,Canine distemper virus,is caused by,60566
Intradermal tick infestation,Ticks,is caused by,60566
Toxicosis,Toxins,is caused by,60566
Sarcocystis,bear,found in,60553
sarcocysts,skeletal muscles,found in,60553
sarcocysts,45 x 37.5 microm,have size,60553
sarcocysts,67.5 x 50 microm,have size,60553
sarcocysts,thin (<2 microm) sarcocyst wall,have,60553
villar protrusions,up to 2 microm long,have size,60553
villar protrusions,up to 0.7 microm wide,have size,60553
bradyzoites,sarcocysts,found in,60553
bear,North Carolina,from,60553
Toxoplasma gondii,white-tailed deer,infects,60511
white-tailed deer,Toxoplasma gondii,hosts,60511
white-tailed deer,Odocoileus virginianus,common name of,60511
Odocoileus virginianus,white-tailed deer,latin name of,60511
19 white-tailed deer,white-tailed deer,number of,60511
20-gram samples,heart tissue,sampled from,60511
heart tissue,20-gram samples,sampled as,60511
mice,bioassayed,used for,60511
bioassayed,Toxoplasma gondii,method of,60511
direct agglutination test,antibody titers,used for,60511
sections of heart muscle,Toxoplasma gondii,examined histologically,60511
histologically,sections of heart muscle,method of,60511
4,Toxoplasma gondii,number of,60511
21%,Toxoplasma gondii,prevalence of,60511
antibody titers,white-tailed deer,measured in,60511
1:50,antibody titers,threshold for,60511
7,antibody titers,number of,60511
16,white-tailed deer,number of,60511
44%,antibody titers,proportion of,60511
negative,histologically,result of,60511
Alabama,white-tailed deer,location of,60511
Sarcocystis,Japanese raccoon dogs,found in,60488
Sarcocystis,Japanese red fox,found in,60488
Sarcocystis,Japanese martens,found in,60488
Sarcocystis,Japanese badgers,found in,60488
Japanese raccoon dogs,65,had,60488
Japanese red fox,12,had,60488
Japanese martens,3,had,60488
Japanese badgers,1,had,60488
red fox,Fairmount Park,found in,60565
red fox,Philadelphia,found in,60565
red fox,Pennsylvania,found in,60565
red fox,USA,found in,60565
Toxoplasma gondii,liver,infects,60565
Toxoplasma gondii,lungs,infects,60565
Toxoplasma gondii,adrenal glands,infects,60565
liver,pale foci up to 4 mm in diameter,has,60565
pale foci up to 4 mm in diameter,Toxoplasma gondii,associated with,60565
Toxoplasma gondii,immunohistochemical staining,detected by,60565
rabies antigen,red fox,not detected in,60565
distemper virus,red fox,not detected in,60565
acute disseminated toxoplasmosis,red fox,diagnosed in,60565
red fox,acute disseminated toxoplasmosis,suffered from,60565
Toxoplasma gondii,Rocky Mountain bighorn sheep,infects,60516
Rocky Mountain bighorn sheep,Toxoplasma gondii,hosts,60516
Toxoplasma gondii,Toxoplasmic encephalitis,causes,60516
Rocky Mountain bighorn sheep,Toxoplasmic encephalitis,suffered from,60516
Rocky Mountain bighorn sheep,Pneumonic pasteurellosis,suffered from,60516
Pasteurella,Pneumonic pasteurellosis,causes,60516
Rocky Mountain bighorn sheep,Hells Canyon,located in,60516
Hells Canyon,"Washington, USA",located in,60516
Brain,Toxoplasmic encephalitis,affected by,60516
Toxoplasma gondii,Immunohistochemistry,detected by,60516
Rocky Mountain bighorn sheep,4-mo-old,age,60516
Pasteurella,Hells Canyon,associated with,60516
Toxoplasma gondii,Rocky Mountain bighorn sheep,first report,60516
legacy of low-impact logging,legacy of low-impact logging,no_relationship,60460
Megatrypanum trypanosomes,European Cervidae,isolated from,60430
Trypanosoma (Megatrypanum) theileri,cattle,isolated from,60430
Megatrypanum trypanosomes,red deer,infects,60430
Megatrypanum trypanosomes,fallow deer,infects,60430
Megatrypanum trypanosomes,roe deer,infects,60430
cattle,Trypanosoma (Megatrypanum) theileri,hosts,60430
European Cervidae,Megatrypanum trypanosomes,hosts,60430
cluster analysis,species differentiation,used for,60430
chromosomes,molecular karyotyping,part of,60430
300 kb,chromosomes,size of,60430
2200 kb,chromosomes,size of,60430
Evolution,Malaria resistance gene,evolved in,60523
Malaria resistance gene,Wild primates,evolved in,60523
Yellow baboons,Papio cynocephalus,common name of,60523
Papio cynocephalus,Yellow baboons,latin name of,60523
Nonhuman primates,Malaria resistance gene,hosts,60523
Malaria resistance gene,Nonhuman primates,part of,60523
Yellow baboons,Malaria resistance gene,studied in,60523
Malaria resistance gene,Yellow baboons,linked to,60523
Evolution,Yellow baboons,studied in,60523
Yellow baboons,Evolution,subject of,60523
retrospective serosurvey,pathogen exposure,detected by,59954
canine distemper virus (CDV),African wild dogs,infects,59954
African wild dogs,canine distemper virus (CDV),hosts,59954
African wild dogs,disease outbreak,experienced,59954
disease outbreak,African wild dogs,associated with,59954
disease outbreak boundaries,disease outbreak,related to,59954
management of pathogens,retrospective serosurvey,complicated by,59954
conservation efforts,African wild dogs,focused on,59954
conservation efforts,pathogen exposure,directed to,59954
white-footed mouse,hantavirus pulmonary syndrome,infects,59037
Peromyscus leucopus,New York virus,hosts,59037
M genome,New York virus,part of,59037
tissues,patient,found in,59037
serum,epitope,fails to recognize,59037
G1 glycoprotein,Four Corners virus,part of,59037
M genome,tissues,amplified from,59037
M genome,Four Corners virus,differs from,59037
hantavirus pulmonary syndrome,Peromyscus leucopus,caused by,59037
northeastern United States,hantavirus pulmonary syndrome,location of,59037
1349 nucleotide fragment,capsid protein gene,is part of,57824
1349 nucleotide fragment,T2 region,compared with,57824
1349 nucleotide fragment,T4 region,compared with,57824
Borna disease virus,Japanese macaques,infects,59194
Japanese macaques,Borna disease virus,hosts,59194
Japanese macaques,Chiba prefecture,located in,59194
ELISA,Borna disease virus,detects,59194
Western blot,Borna disease virus,detects,59194
Immunofluorescence assays,Borna disease virus,detects,59194
Serum samples,ELISA,examined by,59194
Serum samples,Western blot,examined by,59194
Serum samples,Immunofluorescence assays,examined by,59194
49,Serum samples,number of individuals,59194
6,Serum samples,number of positive reactions,59194
RT-PCR,Brain tissue,detected in,59194
Borna disease virus,RT-PCR,detected by,59194
Borna disease virus,Genetic conservation,shows,59194
Borna disease virus,Phylogenetic analysis,undergoes,59194
Mamastrovirus,cheetahs,infects,58337
cheetahs,Mamastrovirus,hosts,58337
Mamastrovirus,Acinonyx jubatus,infects,58337
Acinonyx jubatus,Mamastrovirus,hosts,58337
astroviral diarrhea,Mamastrovirus,causes,58337
Mamastrovirus,astroviral diarrhea,causes,58337
astroviral diarrhea,lethargy,manifests as,58337
astroviral diarrhea,anorexia,manifests as,58337
astroviral diarrhea,watery diarrhea,manifests as,58337
astroviral diarrhea,regurgitation,manifests as,58337
fecal samples,electron microscopy,used for,58337
electron microscopy,astrovirus,detected,58337
consensus astroviral PCR,astrovirus,confirmed,58337
consensus astroviral PCR,367 base pair partial RNA-dependent-RNA polymerase (RdRp) product,produced,58337
consensus astroviral PCR,628 base pair partial capsid product,produced,58337
Bayesian phylogenetic analysis,367 base pair partial RNA-dependent-RNA polymerase (RdRp) product,performed on,58337
maximum likelihood phylogenetic analysis,367 base pair partial RNA-dependent-RNA polymerase (RdRp) product,performed on,58337
Bayesian phylogenetic analysis,628 base pair partial capsid product,performed on,58337
maximum likelihood phylogenetic analysis,628 base pair partial capsid product,performed on,58337
bismuth subsalicylate tablets,astroviral diarrhea,treated,58337
524mg PO BID for 5 days,bismuth subsalicylate tablets,dosage of,58337
serum samples,Kuril harbor seals,collected from,60063
Kuril harbor seals,Phoca vitulina stejnegeri,known as,60063
serum samples,"Hokkaido, Japan",collected in,60063
serum samples,Nosappu,collected in,60063
serum samples,Akkeshi,collected in,60063
serum samples,Erimo,collected in,60063
ELISA,antibodies to influenza A virus,used to detect,60063
hemagglutination inhibition (HI) tests,antibodies to influenza A virus,used to detect,60063
antibodies to influenza A virus,serum samples,detected in,60063
antibodies to influenza A virus,H3,of subtype,60063
antibodies to influenza A virus,H6,of subtype,60063
H3,11%,detected at,60063
H6,3%,detected at,60063
serum samples,late 1990s until recent years,collected from,60063
H3,1998,detected in year,60063
H3,2003,detected in year,60063
H3,2004,detected in year,60063
H3,2005,detected in year,60063
H6,1998,detected in year,60063
H6,2003,detected in year,60063
H6,2004,detected in year,60063
H6,2005,detected in year,60063
first investigation to find antibodies to the H6 subtype in seals,"Hokkaido, Japan",conducted in,60063
white-tailed deer,Jamestown Canyon virus,infects,60043
Jamestown Canyon virus,white-tailed deer,infects,60043
white-tailed deer,Jamestown Canyon virus,hosts,60043
Jamestown Canyon virus,white-tailed deer,hosts,60043
white-tailed deer,Bunyamwera group virus,infects,60043
Bunyamwera group virus,white-tailed deer,infects,60043
white-tailed deer,Bunyamwera group virus,hosts,60043
Bunyamwera group virus,white-tailed deer,hosts,60043
white-tailed deer,La Crosse virus,infects,60043
La Crosse virus,white-tailed deer,infects,60043
white-tailed deer,La Crosse virus,hosts,60043
La Crosse virus,white-tailed deer,hosts,60043
central Wisconsin,white-tailed deer,location of,60043
white-tailed deer,central Wisconsin,located in,60043
1979-1980,white-tailed deer,time of,60043
white-tailed deer,1979-1980,surveyed during,60043
41,white-tailed deer,number of,60043
white-tailed deer,41,number,60043
56%,Jamestown Canyon virus,prevalence of,60043
Jamestown Canyon virus,56%,prevalence,60043
80%,Bunyamwera group virus,prevalence of,60043
Bunyamwera group virus,80%,prevalence,60043
5%,La Crosse virus,prevalence of,60043
La Crosse virus,5%,prevalence,60043
Yellow fever,Yellow fever,no_relationship,58382
rabies viruses,bat-eared foxes,infects,59406
bat-eared foxes,rabies viruses,hosts,59406
Otocyon megalotis,rabies viruses,hosts,59406
rabies viruses,South Africa,found in,59406
124 rabies viruses,rabies viruses,is a,59406
PCR amplicons,G-L intergenic region,specific to,59406
PCR amplicons,nucleoprotein gene,specific to,59406
molecular epidemiology,hypothesis,supports,59406
hypothesis,geographical loci,involves,59406
antigenic data,surveillance data,complements,59406
hypothesis,rabies,maintains,59406
hepatitis B virus,gibbon,infects,60004
hepatitis B virus,chimpanzee,infects,60004
gibbon,hepatitis B virus,hosts,60004
chimpanzee,hepatitis B virus,hosts,60004
gibbon HBV PreS gene,nucleotide substitution of A for C,has nucleotide substitution of,60004
nucleotide substitution of A for C,glutamine,causes,60004
glutamine,lysine,replaced by,60004
valine,threonine,replaced by,60004
alanine,glutamic acid,replaced by,60004
glutamic acid,aspartic acid,replaced by,60004
leucine,alanine,replaced by,60004
preS2 mAb 116-34,gibbon,lacks reactivity with,60004
anti-preS1 mAb,hepatocyte receptor region,binds to,60004
anti-preS1 mAb,gibbon,lacks reactivity with,60004
hepatocyte receptor region,amino acids 27-35,located at,60004
gibbon HBV PreS gene,DNA sequence,has dna sequence,60004
European bat lyssavirus type 1,stone marten,infects,59229
stone marten,European bat lyssavirus type 1,hosts,59229
European bat lyssavirus type 1,insectivorous bat,infects,59229
insectivorous bat,European bat lyssavirus type 1,hosts,59229
spill-over,Germany,located in,59229
spill-over,Burg,located in,59229
spill-over,Saxony-Anhalt,located in,59229
spill-over,2001,located in,59229
fluorescent antibody test,European bat lyssavirus type 1,detected by,59229
mouse inoculation test,European bat lyssavirus type 1,detected by,59229
rabies tissue culture inoculation test,European bat lyssavirus type 1,detected by,59229
nested RT-PCR,European bat lyssavirus type 1,detected by,59229
heminested RT-PCR,European bat lyssavirus type 1,detected by,59229
nucleoprotein gene,European bat lyssavirus type 1,detected by,59229
nucleoprotein phosphoprotein junction,European bat lyssavirus type 1,detected by,59229
Survey for bat lyssaviruses,Thailand,conducted in,58774
Survey for bat lyssaviruses,bat populations,involved,58774
Survey for bat lyssaviruses,bat serum samples,collected,58774
virus neutralization assays,Survey for bat lyssaviruses,used in,58774
virus neutralization assays,rabies virus,tested against,58774
virus neutralization assays,Aravan virus,tested against,58774
virus neutralization assays,Khujand virus,tested against,58774
virus neutralization assays,Irkut virus,tested against,58774
virus neutralization assays,Australian bat lyssavirus,tested against,58774
Florida,USA,location of study,60098
serum samples,feral swine,collected from,60098
serum neutralization test,antibodies,used to detect,60098
latex agglutination test,antibodies,used to detect,60098
enzyme-linked immunosorbent assay,antibodies,used to detect,60098
antibodies,pseudorabies virus (PRV),against,60098
seropositive swine,34.8%,percentage of,60098
seropositive swine,579,number of,60098
serum samples,"1,662",total number of,60098
seropositive swine,5.9%,percentage in previous studies,60098
age,sex,considered as factor,60098
P = 0.62,age,statistical significance for,60098
P = 0.62,sex,statistical significance for,60098
P < 0.05,seropositive swine,statistical significance for,60098
pseudorabies virus (PRV),European wild boar,infects,60097
European wild boar,pseudorabies virus (PRV),hosts,60097
"3,143 sera",European wild boar,collected from,60097
seroprevalences,older animals,found in,60097
seroprevalences,eastern part,found in,60097
IPNV,Gulf of Cadiz,detected in,57815
VHSV,Gulf of Cadiz,detected in,57815
VNNV,Gulf of Cadiz,detected in,57815
IPNV,Cell culture,detected using,57815
IPNV,Molecular diagnosis,detected using,57815
VHSV,Cell culture,detected using,57815
VHSV,Molecular diagnosis,detected using,57815
VNNV,Cell culture,detected using,57815
VNNV,Molecular diagnosis,detected using,57815
RGV-9506,Ranavirus,is a type of,57899
RGV-9807,Ranavirus,is a type of,57899
RGV-9808,Ranavirus,is a type of,57899
RGV-9506,Iridoviridae,belongs to,57899
RGV-9807,Iridoviridae,belongs to,57899
RGV-9808,Iridoviridae,belongs to,57899
Rana grylio,RGV-9506,is the host of,57899
Rana grylio,RGV-9807,is the host of,57899
Rana grylio,RGV-9808,is the host of,57899
PCR amplification,RGV-9506,was used to analyze,57899
PCR amplification,RGV-9807,was used to analyze,57899
PCR amplification,RGV-9808,was used to analyze,57899
nucleic acid sequence analysis,RGV-9506,was used to analyze,57899
nucleic acid sequence analysis,RGV-9807,was used to analyze,57899
nucleic acid sequence analysis,RGV-9808,was used to analyze,57899
major capsid protein (MCP) gene,RGV-9506,was analyzed in,57899
major capsid protein (MCP) gene,RGV-9807,was analyzed in,57899
major capsid protein (MCP) gene,RGV-9808,was analyzed in,57899
Cottontail rabbit papillomavirus,Sylvilagus audubonii,infects,59668
Sylvilagus audubonii,Cottontail rabbit papillomavirus,hosts,59668
desert cottontail,Sylvilagus audubonii,common name of,59668
Sylvilagus audubonii,desert cottontail,latin name of,59668
Sylvilagus audubonii,"Colorado, USA",found in,59668
Cottontail rabbit papillomavirus,cutaneous lesions,causes,59668
Cottontail rabbit papillomavirus,cylindrical masses,causes,59668
DNA analysis,Cottontail rabbit papillomavirus,detected,59668
Dengue virus,Mexican bats,12.86% seroprevalence,58651
Myotis nigricans,Dengue virus,four positives/12 examined,58651
Pteronotus parnellii,Dengue virus,3/19,58651
Natalus stramineus,Dengue virus,1/35,58651
Artibeus jamaicensis,Dengue virus,1/2,58651
Carollia brevicauda,Dengue virus,1/11,58651
Dengue virus,Mexican bats,first evidence,58651
porcupines,Dermacentor andersoni,hosts,58837
Dermacentor andersoni,porcupines,hosts,58837
Colorado tick fever virus,Dermacentor andersoni,infects,58837
Dermacentor andersoni,Colorado tick fever virus,infected by,58837
porcupines,rocky knolls,found in,58837
porcupines,south-facing slopes,found in,58837
porcupines,montane coniferous forest,found in,58837
Rocky Mountain National Park,1975-1977,location of,58837
porcupines,neutralizing antibody,have,58837
neutralizing antibody,Colorado tick fever virus,against,58837
porcupines,24.6,average number of ticks,58837
porcupines,17.5-31.4,annual range of ticks,58837
Dermacentor andersoni,129-257,minimum infection rate,58837
Dermacentor andersoni,205,minimum infection rate,58837
West Nile virus,white-tailed deer,infects,59380
white-tailed deer,West Nile virus,hosts,59380
white-tailed deer,Odocoileus virginianus,common name of,59380
Odocoileus virginianus,white-tailed deer,latin name of,59380
white-tailed deer,ataxia,suffered from,59380
white-tailed deer,tremors,suffered from,59380
Tifton Veterinary Diagnostic and Investigational Laboratory,The University of Georgia,located at,59380
Tifton Veterinary Diagnostic and Investigational Laboratory,"Tifton, Georgia, USA",located in,59380
white-tailed deer,Tifton Veterinary Diagnostic and Investigational Laboratory,submitted to,59380
brain,lymphoplasmacytic perivascular inflammation,showed,59380
brain,gliosis,showed,59380
brain,satellitosis,showed,59380
reverse transcription-polymerase chain reaction,West Nile virus,detected,59380
reverse transcription-polymerase chain reaction,brain,performed on,59380
marble spleen disease (MSD),ring-necked pheasants,infects,58254
ring-necked pheasants,marble spleen disease (MSD),hosts,58254
Phasianus colchicus,type II avian adenovirus,hosts,58254
type II avian adenovirus,Phasianus colchicus,infects,58254
type II avian adenovirus,marble spleen disease (MSD),causes,58254
hemorrhagic enteritis virus,type II avian adenovirus,closely related to,58254
spleen,marble spleen disease (MSD),affected by,58254
pulmonary edema,marble spleen disease (MSD),associated with,58254
reticuloendothelial (RE) cells,marble spleen disease (MSD),affected by,58254
lymphoid tissue,marble spleen disease (MSD),affected by,58254
agar gel precipitin test,marble spleen disease (MSD),detects,58254
vaccination,marble spleen disease (MSD),prevents,58254
supportive care,mortality,reduces,58254
sanitation,mortality,reduces,58254
management practices,mortality,reduces,58254
marble spleen disease (MSD),morbidity,causes,58254
marble spleen disease (MSD),mortality,causes,58254
Avian bornavirus (ABV),Himalayan monal,infects,58190
Himalayan monal,Avian bornavirus (ABV),hosts,58190
Avian bornavirus (ABV),Neurological disease,causes,58190
Avian bornavirus (ABV),Chronic wasting,causes,58190
Avian bornavirus (ABV),Weakness,causes,58190
Avian bornavirus (ABV),Ataxia,causes,58190
Avian bornavirus (ABV),Mild non-suppurative encephalitis,causes,58190
Avian bornavirus (ABV),Degenerative encephalopathy,causes,58190
Avian bornavirus (ABV),Lymphoplasmacytic myenteric ganglioneuritis,causes,58190
Avian bornavirus (ABV),Wallerian degeneration of the sciatic nerves,causes,58190
Immunohistochemistry,Avian bornavirus (ABV),detected,58190
Reverse-transcriptase polymerase chain reaction (RT-PCR),Avian bornavirus (ABV),detected,58190
Avian bornavirus (ABV),Brain,found in,58190
ABV genotype 4,Avian bornavirus (ABV),genotype of,58190
ABV genotype 4,White-bellied caique,infects,58190
ABV genotype 4,Aviary,found in,58190
Avian bornavirus (ABV),Galliformes,infects,58190
measles virus,Japanese macaques,outbreak in,59196
outbreak,12,affected,59196
outbreak,4 months,lasted,59196
Japanese macaques,anorexia,showed,59196
Japanese macaques,diarrhea,showed,59196
Japanese macaques,dermatitis,showed,59196
Japanese macaques,indoor caging,housed in,59196
Japanese macaques,new outdoor exhibits,housed in,59196
histopathology,lung,used on,59196
immunohistochemistry (IHC),lung,used on,59196
in situ hybridization (ISH),lung,used on,59196
electron microscopy,lung,used on,59196
1971,epizootic,was the year of,59228
epizootic,mid-Atlantic states,occurred in,59228
epizootic,raccoons,affected,59228
epizootic,woodchuck,affected,59228
epizootic,Marmota monax,affected,59228
Centers for Disease Control,80%,reported,59228
epizootic,postexposure prophylaxis,led to increased,59228
epizootic,epidemiology,studied in,59228
Columbid herpesvirus-1,great horned owls,infects,58036
great horned owls,Columbid herpesvirus-1,hosts,58036
great horned owls,Bubo virginianus,common name of,58036
Bubo virginianus,great horned owls,latin name of,58036
Columbid herpesvirus-1,"Calgary, Alberta",found in,58036
"Calgary, Alberta",great horned owls,location of,58036
Columbid herpesvirus-1,hepatic necrosis,causes,58036
Columbid herpesvirus-1,splenic necrosis,causes,58036
Columbid herpesvirus-1,pharyngeal ulceration,causes,58036
Columbid herpesvirus-1,gastrointestinal necrosis,causes,58036
Columbid herpesvirus-1,eosinophilic intranuclear viral inclusion bodies,causes,58036
polymerase chain reaction (PCR),Columbid herpesvirus-1,detected by,58036
PCR amplicon,99.7%,measurement,58036
Columbid herpesvirus-1,PCR amplicon,confirmed by,58036
